,index,year,month,day,publishedAt,headline,summary,source,url,API
0,0,2025,1,17,2025-01-17 12:15:00,Columbia Select Large Cap Value Fund Q4 2024 Commentary," Institutional Class shares of Columbia Select Large Cap Value Fund returned -2.51%
for the quarter ending December 31, 2024. Click here to read the full commentary. ",SeekingAlpha,https://finnhub.io/api/news?id=ce3d2320fd9258ccb20c4d994464f987c99420aedad188a12d2b81d981e676da,finnhub_news
1,1,2025,1,17,2025-01-17 04:40:45,Tesla Needs To Fill A Trillion Dollar Void With Autonomy (Rating Downgrade),"Tesla's stock surge driven by autonomy excitement, but risks of unmet promises and overvaluation could lead to a downgrade to sell. See more here.",SeekingAlpha,https://finnhub.io/api/news?id=0bea96a6c4191b9490de507eb59608acfe0d97e4ba6c5901604f1c84ab204dcd,finnhub_news
2,2,2025,1,17,2025-01-17 02:35:00,"Earnings Gains Anticipated In 7 S&P 500 Sectors, Led By Communication Services",Seven of the S&P 500's 11 sectors are expected to achieve cumulative year-over-year growth in normalized earnings per share among their constituent companies in fourth quarter 2024 earnings,SeekingAlpha,https://finnhub.io/api/news?id=f6737372d5a3fcce82a8010d8fec55679f7ef49dbf5eabdf18994e7f828bf725,finnhub_news
3,3,2025,1,16,2025-01-16 14:13:00,Battery-Powered Cars Had a Banner Year. There’s a Risk for Car Stocks.,Battery-Powered Cars Had a Banner Year. There’s a Risk for Car Stocks.,MarketWatch,https://finnhub.io/api/news?id=0d393aa57c7d63191bb675c27d9ffa098c74eca4f6c9d4448e0be994392344fc,finnhub_news
4,4,2025,1,16,2025-01-16 13:23:24,Tech stocks a drag on equities,Tech stocks a drag on equities,MarketWatch,https://finnhub.io/api/news?id=38d204d792243db3ac02ca621907d889dc4b41db45b72ea4df78b84829a82559,finnhub_news
5,5,2025,1,16,2025-01-16 13:11:00,"New Year, Same Bull. Why the Rally Isn’t Done.","New Year, Same Bull. Why the Rally Isn’t Done.",MarketWatch,https://finnhub.io/api/news?id=ff1f84ced5619a47984dfa725a05615b4e96cd35f07e73b6e81d69493eb3bdf1,finnhub_news
6,7,2025,1,16,2025-01-16 12:39:18,"Big Tech ETF trades down as Tesla, Apple post sharp losses","Big Tech ETF trades down as Tesla, Apple post sharp losses",MarketWatch,https://finnhub.io/api/news?id=7b6c2fd239c2d5e3f39cbe9a9f0639aafeda3bea86c0fbcee71265c4f02699a0,finnhub_news
7,8,2025,1,16,2025-01-16 11:25:00,Exclusive: Cannabis groups combine to push for federal reforms under Trump,Exclusive: Cannabis groups combine to push for federal reforms under Trump,MarketWatch,https://finnhub.io/api/news?id=6cb450fbacde4d045544a1f058c72777b25e2759aca267b561da4e07e061e40e,finnhub_news
8,9,2025,1,16,2025-01-16 11:17:47,Stocks turn lower as early gains fade,Stocks turn lower as early gains fade,MarketWatch,https://finnhub.io/api/news?id=4a9a2e93338422a1723205fc9dd8c931e2a47868b4294ea9ef31b1a43c05fe25,finnhub_news
9,10,2025,1,16,2025-01-16 11:00:00,Large cryptocurrencies mixed as Ripple increases,Large cryptocurrencies mixed as Ripple increases,MarketWatch,https://finnhub.io/api/news?id=9fcc77170ef342f0282e2024d039719e7dc3f11d2319bf3687c0e5f76c1952d5,finnhub_news
10,11,2025,1,16,2025-01-16 10:57:23,Dow Jones Falls After Key Data; Nvidia Chipmaker Surges On Strong AI Chip Demand,Dow Jones Falls After Key Data; Nvidia Chipmaker Surges On Strong AI Chip Demand,DowJones,https://finnhub.io/api/news?id=cbaf89fdcba9304999f872a8bc96a06b22fdf4726a19c6a7622ec0da3a7ad6c9,finnhub_news
11,12,2025,1,16,2025-01-16 10:45:12,Is Tesla Stock A Buy Or A Sell Amid Donald Trump's White House Return And Q4 Earnings?,Is Tesla Stock A Buy Or A Sell Amid Donald Trump's White House Return And Q4 Earnings?,DowJones,https://finnhub.io/api/news?id=cbaeaf8b994f2f3a701fc9149b5240b5c1799a35c6b9db8edc70e03ffdb7c1dd,finnhub_news
12,13,2025,1,16,2025-01-16 09:15:19,Dow Jones Futures Fall; Nvidia Chipmaker Taiwan Semiconductor Lifts Techs,Dow Jones Futures Fall; Nvidia Chipmaker Taiwan Semiconductor Lifts Techs,DowJones,https://finnhub.io/api/news?id=de5b0d3d73ad2165998c858aa3704a1d471215a4eba08ba3d5db46ca7532ee42,finnhub_news
13,14,2025,1,16,2025-01-16 08:45:46,"Trump Executive Orders On Day One: S&P 500 Braces For Tariffs, Deportations","Trump Executive Orders On Day One: S&P 500 Braces For Tariffs, Deportations",DowJones,https://finnhub.io/api/news?id=9aaffce965fb55dbe79f7093a758451293a0de1d4a66b7b353c603fff8b07177,finnhub_news
14,15,2025,1,16,2025-01-16 07:25:00,Next Century Growth Investors Q4 2024 Commentary,"In the fourth quarter of 2024, equity markets were positive and large cap stocks generally outperformed small cap stocks. Read more here.",SeekingAlpha,https://finnhub.io/api/news?id=73e8069e54636e4d13a9d94bc0d115cbdc6cab07173db678464c129ad714ba43,finnhub_news
15,16,2025,1,16,2025-01-16 06:44:00,Tesla Stock Needs Another Catalyst. 2 Could Be Coming.,Tesla Stock Needs Another Catalyst. 2 Could Be Coming.,MarketWatch,https://finnhub.io/api/news?id=4045437a20bcebe2cfa5f57b64b52d775c3bcc983d3509600ae6fa5953144509,finnhub_news
16,3,2025,1,16,2025-01-16 00:00:00,Trump’s Transportation Nominee Claims He’ll Let the Investigation Into Musk’s Tesla Continue,Will Elon Musk's Tesla troubles vanish once Trump finds his way back to D.C.?,Gizmodo.com,https://gizmodo.com/trumps-transportation-nominee-claims-hell-let-the-investigation-into-musks-tesla-continue-2000550956,api_news_org
17,28,2025,1,16,2025-01-16 00:00:00,EV販売台数2024。“安すぎるEV”のBYDが急伸、Teslaは初のマイナスに,Photo:Shutterstock.comサイバートラックも売れてませんものね…。2024年は久々に車がよく売れた1年になりましたが、Tesla（テスラ）はあまり調子がよくなかったようです。年明けに公表された昨年のTesla世界年間販売台数は179万台で、前年の180万台をわずかに下回る結果となってしまいました。前年割れは実に12年ぶり。10～12月の第4四半期にはなりふり構わず、金利0％ローン,Gizmodo.jp,https://www.gizmodo.jp/2025/01/ev-sales-2024.html,api_news_org
18,85,2025,1,16,2025-01-16 00:00:00,Tesla au top du réseau de recharge en France : découvrez les meilleurs réseaux du pays en 2024,"Comme tous les ans, la plateforme Chargemap dévoile son classement des meilleurs réseaux de recharge pour les voitures électriques, un classement qui prend en compte les avis de milliers d’utilisateurs. Plusieurs éléments sont analysés, que ce soit en termes …",Frandroid,https://www.frandroid.com/survoltes/voitures-electriques/2474168_tesla-au-top-du-reseau-de-recharge-en-france-decouvrez-les-meilleurs-reseaux-du-pays-en-2024,api_news_org
19,17,2025,1,15,2025-01-15 18:04:53,Palantir: Don't Try To Play With The Bubble,"Financial writer discusses Palantir Technologies Inc.'s bear market, high valuation, and concentration risks in government contracts. Click for this PLTR update.",SeekingAlpha,https://finnhub.io/api/news?id=65d7ccf0485d205515da5017edcb89abd773af3225a2a25dd67c519a60f52641,finnhub_news
20,18,2025,1,15,2025-01-15 17:28:00,SEC Sues Elon Musk Over Twitter Purchase,SEC Sues Elon Musk Over Twitter Purchase,MarketWatch,https://finnhub.io/api/news?id=4359b53bb0d4aeafbbc6d18701ce6c2d9bb072696a38494768b679994f9b176c,finnhub_news
21,19,2025,1,15,2025-01-15 17:24:00,Tesla Stock Is Soaring. Inflation Trumps the SEC.,Tesla Stock Is Soaring. Inflation Trumps the SEC.,MarketWatch,https://finnhub.io/api/news?id=bbd6c080da50ef7393fd95d4985d76fd35111c46c2cb72e5218b132d82d5be9d,finnhub_news
22,20,2025,1,15,2025-01-15 16:17:07,Transportation secretary pick vows to buck any pressure to help Elon Musk in agency probes of Tesla,"NEW YORK — Donald Trump’s pick to head the Transportation Department promised Wednesday to scrutinize Boeing's safety issues, streamline regulations and not interfere in ongoing agency...",Finnhub,https://finnhub.io/api/news?id=abbddbb7f7a344da565276576c89b4c77c3180481b6e10c13f831d91d4585fa3,finnhub_news
23,21,2025,1,15,2025-01-15 15:31:21,Tick Tock: One Man's Loss Is Another's Gain -- Buy On Meta Platforms,"Meta Platforms, Inc. is the stock to watch as TikTok faces a potential ban, with Instagram Reels poised to benefit from TikTok's demise. Click for my META update.",SeekingAlpha,https://finnhub.io/api/news?id=c7cb1f1ec0d4064c0c26b0fce8fa4edf27bad765bab4941a778c3fe07460d66d,finnhub_news
24,22,2025,1,15,2025-01-15 14:20:58,Trump USDOT nominee says Tesla safety probe will continue,President-elect Donald Trump's nominee to head the Transportation Department said he would allow an ongoing government probe into Tesla's advanced driver assistance system to continue. ...,Finnhub,https://finnhub.io/api/news?id=c9e0987cc32b1bf3e3518dcc8a129bbcc7878ba095fd78f3c00d86f2ef97b4bd,finnhub_news
25,23,2025,1,15,2025-01-15 14:05:00,ValuEngine's Top 10 Stocks For 2025,"Since the methodology we used last year produced such a resilient portfolio, we repeated the process using ValuEngineâs data from the December 31, 2024 close. Read more here..",SeekingAlpha,https://finnhub.io/api/news?id=45ece6a680c657db7ee2f8153ac954a24d490b42507f34a267402674839826cc,finnhub_news
26,24,2025,1,15,2025-01-15 13:30:14,Tesla Q4 Preview: Don't Doubt The Technoking,"Tesla, Inc. is projected for strong growth through 2030, despite risks, based on pivot to autonomy and robotics. Click here to read why I rate TSLA stock a Buy.",SeekingAlpha,https://finnhub.io/api/news?id=528d4c99de2067405595dd9cdba8134b8355dbfec5c3366ed1077c94e2bb994d,finnhub_news
27,25,2025,1,15,2025-01-15 12:58:00,GM Invests In EV Batteries. Lower Costs Are Key for Buyers.,GM Invests In EV Batteries. Lower Costs Are Key for Buyers.,MarketWatch,https://finnhub.io/api/news?id=68a58de777f25037bc36826f7bae077e327386436874bad562b02501c2bb7bd9,finnhub_news
28,26,2025,1,15,2025-01-15 11:37:21,Elon Musk: A Look At The Tesla CEO's Business Empire,Elon Musk: A Look At The Tesla CEO's Business Empire,DowJones,https://finnhub.io/api/news?id=39991aa18d9d52fedfbf92abd0ff1135a8aa998ba8ee736c303e1b2dec161165,finnhub_news
29,27,2025,1,15,2025-01-15 11:12:26,"BMW Is Beaten Down, But A Turnaround Is Likely",BMW Group had a bad year 2024 due to the confluence of several factors.,SeekingAlpha,https://finnhub.io/api/news?id=0aefbacd8d7a96b2c73ce45b0b84aeb00fa1dc4eb490c6f4345b3592d7660028,finnhub_news
30,28,2025,1,15,2025-01-15 11:01:37,I'm Selling Stocks Hand Over Fist,I am raising cash by selling stocks with more potential for a negative year and selling covered calls on retained stocks. Read more to see my thoughts.,SeekingAlpha,https://finnhub.io/api/news?id=90d45cae4d0a6fef9db68115cf27748caa101e1c2d4bed4c8a83741b7e684dca,finnhub_news
31,29,2025,1,15,2025-01-15 11:01:34,Dow Jones Surges 700 Points On Surprise CPI Report; Nvidia Rebounds From Sell-Off,Dow Jones Surges 700 Points On Surprise CPI Report; Nvidia Rebounds From Sell-Off,DowJones,https://finnhub.io/api/news?id=ebe7aff208e6a6e81b877b3069fcbd046879f717f88c25070f8421dd48dfcf62,finnhub_news
32,30,2025,1,15,2025-01-15 11:00:00,Large cryptocurrencies rise as Avalanche climbs,Large cryptocurrencies rise as Avalanche climbs,MarketWatch,https://finnhub.io/api/news?id=3436d4957528134818a9bbdc9888027531e48278a2053655d919ff77aec61b14,finnhub_news
33,31,2025,1,15,2025-01-15 10:55:00,"Musk, Zuckerberg, and This Tech Titan Will Gather for Trump’s Inauguration. DJT Stock Is Rising.","Musk, Zuckerberg, and This Tech Titan Will Gather for Trump’s Inauguration. DJT Stock Is Rising.",MarketWatch,https://finnhub.io/api/news?id=e00b670903accab534f72608804bc617fe267d6f9a700df1e0dc72767cdc7842,finnhub_news
34,32,2025,1,15,2025-01-15 09:09:33,"Dow Jones Futures Rise With CPI Inflation Due; JPMorgan Beats, Quantum Stocks Jump","Dow Jones Futures Rise With CPI Inflation Due; JPMorgan Beats, Quantum Stocks Jump",DowJones,https://finnhub.io/api/news?id=4e39bd6b5bc83e1e301ab1b35ebe2bac2512177ea071c6e8977683524f335bda,finnhub_news
35,33,2025,1,15,2025-01-15 08:36:00,SEC lawsuit against Elon Musk is a big political test for Trump administration,SEC lawsuit against Elon Musk is a big political test for Trump administration,MarketWatch,https://finnhub.io/api/news?id=ee990ab9b0fce506d6dd561afa7bdcfc45b66894304c85fddc6a418428b4a894,finnhub_news
36,34,2025,1,15,2025-01-15 07:55:00,Eli Lilly Stumbled But Weight-Loss Drugs Will Continue to Fuel Markets. Here’s Why and 5 Other Things to Know Today.,Eli Lilly Stumbled But Weight-Loss Drugs Will Continue to Fuel Markets. Here’s Why and 5 Other Things to Know Today.,MarketWatch,https://finnhub.io/api/news?id=2e7855d8fc1840fa8fcb54920f1d98e6e8045b778840ef06702338f953e57190,finnhub_news
37,35,2025,1,15,2025-01-15 07:25:00,ClearBridge Large Cap Growth Fund Q4 2024 Commentary,"Fund carefully manages its mega-cap exposure to promote diversification, control risk and promote long-term consistency, making it difficult to keep pace when the index is up 30%.",SeekingAlpha,https://finnhub.io/api/news?id=da5dc6c38cc296ecc645c9d31d229a1275729e23ad1d2c80b88ef70ce06e955f,finnhub_news
38,36,2025,1,15,2025-01-15 07:02:40,Trump's US presidency return ushers in new era of volatile markets,"Donald Trump's inauguration on Monday could herald a more volatile period for markets, with the Republican seen moving quickly on a wide swath of issues including trade and immigration that are...",Finnhub,https://finnhub.io/api/news?id=8aa413f3a6d1297969b8a562a509dd8471721758943b68f082a173d576ec09cf,finnhub_news
39,37,2025,1,15,2025-01-15 06:47:00,TikTok is the last thing Elon Musk needs right now,TikTok is the last thing Elon Musk needs right now,MarketWatch,https://finnhub.io/api/news?id=56b5f40966475c1580cd25c43b13e6956714ebc412fb5d316d7af023f7fa8568,finnhub_news
40,38,2025,1,15,2025-01-15 06:09:45,"Tesla to suspend part of new Model Y lines in China for upgrades, Bloomberg News reports","Tesla plans to suspend part of the lines manufacturing its recently refreshed Model Y sport utility vehicles in Shanghai for around three weeks over Chinese New Year, Bloomberg News reported on...",Finnhub,https://finnhub.io/api/news?id=58b832abf41ebb278cfbbf0d2dae9a2fd688ea80e85f39bef781cb900dc62966,finnhub_news
41,59,2025,1,15,2025-01-15 00:00:00,Notfälle: Feuerwehreinsatz nach Batterievorfall bei Tesla in Grünheide,Hier finden Sie Informationen zu dem Thema „Notfälle“. Lesen Sie jetzt „Feuerwehreinsatz nach Batterievorfall bei Tesla in Grünheide“.,Die Zeit,https://www.zeit.de/news/2025-01/15/feuerwehreinsatz-nach-batterievorfall-bei-tesla-in-gruenheide,api_news_org
42,42,2025,1,15,2025-01-15 00:00:00,"Le nouveau Model Y arrive en Europe, Tesla confirme son entrée en production",Tesla a retravaillé le design et les fonctionnalités de son véhicule.,Presse-citron,https://www.presse-citron.net/le-nouveau-model-y-arrive-en-europe-tesla-confirme-son-entree-en-production/,api_news_org
43,2,2025,1,15,2025-01-15 00:00:00,Trump’s transportation pick says he’ll let Tesla investigations proceed,"Sean Duffy, Trump’s nominee to lead the Department of Transportation, said he would let safety investigation into Tesla proceed.",The Verge,https://www.theverge.com/2025/1/15/24344462/sean-duffy-usdot-nhtsa-tesla-investigation-confirmation,api_news_org
44,21,2025,1,15,2025-01-15 00:00:00,"Todo indica que el nuevo Tesla Model Y Juniper ya se fabrica en Berlín. Con China y los rivales apretando, es su momento crucial","El Tesla Model Y es el SUV eléctrico más famoso del mundo. En 2023 se convirtió en el coche más vendido del mundo (teniendo en cuenta todo tipo de tecnologías). Desde hace menos de una semana, el coche ya se vende en China y ha acaparado miles de reservas. To…",Xataka.com,https://www.xataka.com/movilidad/nuevo-tesla-model-juniper-se-fabrica-berlin-china-rivales-apretando-su-momento-crucial,api_news_org
45,51,2025,1,15,2025-01-15 00:00:00,Tesla Could ‘Have The Most To Lose’ Under Trump’s Anti-EV Policies,"Good morning! It’s Wednesday, January 15, 2025, and this is The Morning Shift, your daily roundup of the top automotive headlines from around the world, in one place. Here are the important stories you need to know.Read more...",Jalopnik,https://jalopnik.com/tesla-could-have-the-most-to-lose-under-trump-s-anti-1851739801,api_news_org
46,48,2025,1,15,2025-01-15 00:00:00,This Tesla-Swapped Ariel Atom Might Be The Most Fun Way To Burn Electrons,"When it comes to having fun and going fast, minimalism is often the name of the speed game, and the old-school lightweight speed ethos is on full display in this Ariel Atom track car. Instead of the 205-horsepower supercharged General Motors four-cylinder fou…",Jalopnik,https://jalopnik.com/this-tesla-swapped-ariel-atom-might-be-the-most-fun-way-1851740391,api_news_org
47,39,2025,1,14,2025-01-14 23:35:00,Franklin Global Equity Fund Q4 2024 Commentary,"The fund outperformed the benchmark for the last quarter of 2024 primarily due to strong stock selection results, with selection in the United States notably positive. Read more here.",SeekingAlpha,https://finnhub.io/api/news?id=b0e0e88fdbebc6f5e6089a4eb08721b1b92564c6bf34b7b7c753e33ad120b219,finnhub_news
48,40,2025,1,14,2025-01-14 17:31:03,"Stock Market Today: Dow Jones, S&P 500 Seesaw To The End; Natural Gas Stocks Break Out (Live Coverage)","Stock Market Today: Dow Jones, S&P 500 Seesaw To The End; Natural Gas Stocks Break Out (Live Coverage)",DowJones,https://finnhub.io/api/news?id=b3ec576a03fbc5ad39641c47e441c0a32f4b0e89c9bd731cbcd50af260782ed6,finnhub_news
49,41,2025,1,14,2025-01-14 17:30:00,"Tesla Inc. stock falls Tuesday, underperforms market","Tesla Inc. stock falls Tuesday, underperforms market",MarketWatch,https://finnhub.io/api/news?id=fa9ba85f23b8eeb23d046e16d451c4f3d4ac7d5bd09dd8354eb4a9f648448e7d,finnhub_news
50,42,2025,1,14,2025-01-14 17:18:00,Tesla Stock Gave Up Its Gains. What a Robotaxi Is Worth.,Tesla Stock Gave Up Its Gains. What a Robotaxi Is Worth.,MarketWatch,https://finnhub.io/api/news?id=bf2d2104db4d3134bbf075620f7dfb8dcf97f71f396081895794bd4bf4e71ddd,finnhub_news
51,43,2025,1,14,2025-01-14 17:07:44,Tesla Stock Has Tumbled From Highs. This Analyst Just Hiked The Bull Case To $800.,Tesla Stock Has Tumbled From Highs. This Analyst Just Hiked The Bull Case To $800.,DowJones,https://finnhub.io/api/news?id=fed8978720ba32676938042f94329b00b64172e674799c07ec1977adc452c868,finnhub_news
52,44,2025,1,14,2025-01-14 13:26:41,7 Investments To Avoid In 2025,Seeking Alpha contributors highlight 2025 investment picks. See why this article challenges you to avoid certain investments that may underperform.,SeekingAlpha,https://finnhub.io/api/news?id=46e1914519d62530a905f9211828fbd4b737cfa43d92e8f6bc2adcc8b8475a2b,finnhub_news
53,45,2025,1,14,2025-01-14 13:09:00,13 dividend stocks selected for value at a time when the S&P 500 trades sky high,13 dividend stocks selected for value at a time when the S&P 500 trades sky high,MarketWatch,https://finnhub.io/api/news?id=319b604c412ff5769ee4db5434498eb1559a65f320ba8ab88a0ff2169e5b4015,finnhub_news
54,46,2025,1,14,2025-01-14 12:38:00,Can Elon Musk save TikTok? Here’s what a potential deal could look like.,Can Elon Musk save TikTok? Here’s what a potential deal could look like.,MarketWatch,https://finnhub.io/api/news?id=94a04d53d310603bfda0b665b7efae9fe0641ce79849601bd56a26abf9a102e5,finnhub_news
55,47,2025,1,14,2025-01-14 12:31:00,Franklin DynaTech Fund Q4 2024 Commentary,"As a result of stock selection and allocation decisions, the fund underperformed its benchmark as seven out of 11 equity sectors detracted. Read more here.",SeekingAlpha,https://finnhub.io/api/news?id=09624be33e2c502a8c1563f40c1c0770f07235e5e3efb2570ad819ee8bb81323,finnhub_news
56,48,2025,1,14,2025-01-14 11:29:28,How Tesla Plans To Lead In 2025,"Tesla, Inc. plans to launch a $25K EV in 2025, expand energy production, and diversify revenue streams, but faces vulnerability. Click for my TSLA stock update.",SeekingAlpha,https://finnhub.io/api/news?id=09159ffaa53521a4e75ea040bb279e0e171b867e80edaf11fd01e33d18ab7457,finnhub_news
57,49,2025,1,14,2025-01-14 10:56:58,"Dow Jones Rises On Surprise Inflation Report; Nvidia, Tesla Rally","Dow Jones Rises On Surprise Inflation Report; Nvidia, Tesla Rally",DowJones,https://finnhub.io/api/news?id=3e4db75d2c9b911a9afc50b1b221abde2395374b360c4d651f4551189e003235,finnhub_news
58,50,2025,1,14,2025-01-14 09:30:00,SMH: My Take On A Top Rebound Play For 2025,"SMH's top holdings like Nvidia, Broadcom, and TSMC are well-positioned to partake in the next growth phase. Read why I maintain my buy rating for the fund.",SeekingAlpha,https://finnhub.io/api/news?id=bae28d1fb1bf9f2f2678e8e9ef7d19bc706cf08de66a7c91e0874a5067ebdf3a,finnhub_news
59,51,2025,1,14,2025-01-14 08:41:28,Trump Tariffs: Advisers Mull Gradual Hikes To Avoid Inflation Spike,Trump Tariffs: Advisers Mull Gradual Hikes To Avoid Inflation Spike,DowJones,https://finnhub.io/api/news?id=65d1145bd44b3077201ca774c6198cb8ab8626a2502a3db16727334848a56599,finnhub_news
60,52,2025,1,14,2025-01-14 08:28:51,TQQQ: Risks Have Gotten Extreme (Rating Downgrade),"The ProShares UltraPro QQQ ETF's underlying portfolio is trading at a nosebleed valuation, while the fund itself is levered to an extreme degree. Read more here.",SeekingAlpha,https://finnhub.io/api/news?id=f2a6a9ad99d30423e62f4ad166465d7d4ef67a1574b924040ddd6121692884b4,finnhub_news
61,53,2025,1,14,2025-01-14 06:43:33,"ARKW: Bitcoin And Tesla Have Been Strong, But A Correction Is Ongoing (Rating Downgrade)","ARKW is highly volatile, with significant exposure to Tesla & Bitcoin, comprising nearly quarter of its holdings. See why I downgrade the fund from buy to hold.",SeekingAlpha,https://finnhub.io/api/news?id=161490561d56562476ac785dcfce0665fa3e7507e7cb58d21139b0451460d460,finnhub_news
62,54,2025,1,14,2025-01-14 04:40:00,Patient Capital Management Q4 2024 Commentary,"Patient Capital Management's Opportunity Equity Strategy surpassed the market to end up 26.5%, 150bps ahead of the S&P 500âs 25.0%. Click here to read the full fund letter.",SeekingAlpha,https://finnhub.io/api/news?id=c91a9f164536b2ce0ecd620d1784405dbcd0ebf51731ed1a3244af49ec114ad7,finnhub_news
63,30,2025,1,14,2025-01-14 00:00:00,Tesla Cybertruck with a Solar Panel Wrap Gives it an Extra 15 Miles of Range,"Tesla Cybertruck with a Solar Panel Wrap Gives it an Extra 15 Miles of RangeThe Tesla Cybertruck has always been a magnet for both innovation and intrigue, but the latest third-party modification takes its futuristic aura to another level—a...",Yanko Design,https://www.yankodesign.com/2025/01/14/tesla-cybertruck-with-a-solar-panel-wrap-gives-it-an-extra-15-miles-of-range/,api_news_org
64,60,2025,1,14,2025-01-14 00:00:00,Elektroautos: Tesla startet deutsche Fertigung des neuen Model Y,Hier finden Sie Informationen zu dem Thema „Elektroautos“. Lesen Sie jetzt „Tesla startet deutsche Fertigung des neuen Model Y“.,Die Zeit,https://www.zeit.de/news/2025-01/14/tesla-startet-deutsche-fertigung-des-neuen-model-y,api_news_org
65,84,2025,1,14,2025-01-14 00:00:00,On a vu la nouvelle batterie chinoise qui veut remplacer les Tesla Powerwall et qui arrive en France,"La marque chinoise Bluetti était présente au CES pour dévoiler deux nouvelles batteries de stockage, dont une portable : Apex 300 et EnergyPro 6K. Cette dernière vise clairement les Tesla Powerwall. Nous avons pu l'approcher de près et discuter avec le fabric…",Frandroid,https://www.frandroid.com/survoltes/energie/batteries-et-panneaux-solaires/2471476_on-a-vu-la-nouvelle-batterie-chinoise-qui-veut-remplacer-les-tesla-powerwall-et-qui-arrive-en-france,api_news_org
66,25,2025,1,14,2025-01-14 00:00:00,Tesla Sales Are Tanking in Europe,"Eleven months into 2024, Tesla is seeing a double-digit decrease in registrations.",InsideEVs ,https://insideevs.com/news/745119/tesla-sales-europe-2024/,api_news_org
67,13,2025,1,14,2025-01-14 00:00:00,Tesla makes jaw-dropping progress at its new Texas facility: 'That's some seriously good news',,Yahoo Entertainment,https://consent.yahoo.com/v2/collectConsent?sessionId=1_cc-session_11084105-77cb-4d82-bd75-0ec6b9a8682a,api_news_org
68,55,2025,1,13,2025-01-13 23:50:06,"Dow Jones Futures Rise: Nvidia, Palantir, Apple Slide; Donald Trump Stock Soars 21%","Dow Jones Futures Rise: Nvidia, Palantir, Apple Slide; Donald Trump Stock Soars 21%",DowJones,https://finnhub.io/api/news?id=6df7b3e8331d689e893bc427a9b38d48a4ff57af7fca914d1c37487c9a16083b,finnhub_news
69,56,2025,1,13,2025-01-13 20:04:49,Global electric vehicle sales up 25% in record 2024,"Global sales of fully electric and plug-in hybrid vehicles rose by a quarter last year to over 17 million cars, helped by a fourth consecutive month of record sales in December as China continued to...",Finnhub,https://finnhub.io/api/news?id=d6f3fcd822e1cc040236019f9c3a7ace1c5c6ab6eddfc7e8463fb59d7a3093e5,finnhub_news
70,57,2025,1,13,2025-01-13 17:00:38,"As Nvidia Gets Skewered, This Mag 7 Holds Up. Now What?","As Nvidia Gets Skewered, This Mag 7 Holds Up. Now What?",DowJones,https://finnhub.io/api/news?id=bb275150316691ea2a1758a537dc7a9bdc6708939bc5cc9c692b6fd97440ac3e,finnhub_news
71,58,2025,1,13,2025-01-13 13:50:23,"Tesla: Nvidia CEO Validates Elon Musk's Vision, Then Kills It","Tesla benefits from strong FSD data, but NVIDIAâs Cosmos Model challenges its lead. Learn why TSLA stock may face tougher competition in AI and robotics.",SeekingAlpha,https://finnhub.io/api/news?id=1421df11611304e4978eae3c4d176e6f80b3c4a34bc2710b39e17bf97141d44e,finnhub_news
72,59,2025,1,13,2025-01-13 12:16:15,Tesla: Morgan Stanley raises its target,"Morgan Stanley on Monday raised its price target for Tesla from $400 to $430, while renewing its 'overweight' recommendation on the stock.According to the analyst, Wall Street is increasingly...",Finnhub,https://finnhub.io/api/news?id=47b24c63da6e01ba2f6f33d23959b8a0d4f71242160f3bd2580d5e31ba28353c,finnhub_news
73,60,2025,1,13,2025-01-13 12:00:00,Tesla: Don't Wait Till The Dominoes Fall And Crumble,Teslaâs 20-30% delivery growth target looks increasingly unlikely. Find out why TSLA stock might face a steep pullback in the near future.,SeekingAlpha,https://finnhub.io/api/news?id=54ed099ce89bbecb577959ee7bc269921d80dc0868b737daa4a428b9ecf5de0e,finnhub_news
74,61,2025,1,13,2025-01-13 11:05:00,Heartland Value Fund Q4 2024 Commentary,"The Heartland Value Fund outperformed its benchmark for Q4 2024 and also the past 1, 3 and 5 years. Click here to read the full commentary. ",SeekingAlpha,https://finnhub.io/api/news?id=b268b79f1bc904ba14bba23f063deca1da260f8d62e88f26dc1b65c9ae4006f3,finnhub_news
75,62,2025,1,13,2025-01-13 11:03:03,Dow Jones Reverses; Nvidia Dives After Triggering Sell Signal,Dow Jones Reverses; Nvidia Dives After Triggering Sell Signal,DowJones,https://finnhub.io/api/news?id=1aef80afa3c5370c58492ac929a430676b6dddc717eb96a15b4aecc290c95851,finnhub_news
76,63,2025,1,13,2025-01-13 10:38:32,Stock market today: Drops for Nvidia and other star stocks keep Wall Street in a rut,NEW YORK — Drops for Nvidia and other superstar stocks are dragging U.S. indexes lower and keeping Wall Street stuck in its weekslong rut. The S&P 500 fell 0.8% early Monday. The index is coming...,Finnhub,https://finnhub.io/api/news?id=bf390a90a1b478832660732116363606cd2b806f4cb72d450b61d30aa3de156c,finnhub_news
77,64,2025,1,13,2025-01-13 10:22:06,Stock market today: Wall Street falling again as strong US economy puts damper on rate cut hopes,"U.S. markets are reeling again Monday following economic data last week that reflected a still-thriving economy and labor market, dampening hopes that the Federal Reserve will cut interest rates...",Finnhub,https://finnhub.io/api/news?id=90ffdd6b12666837058dce69fbbcd9672ecefad3882dd28910adaf6a61a646b0,finnhub_news
78,65,2025,1,13,2025-01-13 07:36:54,Wall Street Breakfast Podcast: Canada Ready To Counter Trump Tariffs,Trudeau says Canada ready with counter-tariffs. Europeâs largest pension fund sells Tesla stake over Musk's pay package: report. White House delays order for US Steel deal.,SeekingAlpha,https://finnhub.io/api/news?id=f445a7b58b09534e14e57226506b931bacd5deda0ba5b1964a6d3dd1dcfab927,finnhub_news
79,66,2025,1,13,2025-01-13 07:00:00,Forget Fundamentals - Tesla Stock Exposed To Inevitable Trump-Musk Standoff,Tesla valuation is underpinned by sentiment and future hopes. See why a potential fallout between Musk and Trump could trigger significant selling in TSLA shares.,SeekingAlpha,https://finnhub.io/api/news?id=0a3c9f13510b29a68e6ab3fa060cccf91d32537e9686cd4b26de7729eec092be,finnhub_news
80,67,2025,1,13,2025-01-13 01:03:00,Investors Hope Earnings Season Can Revive Faltering Stock Rally,Investors Hope Earnings Season Can Revive Faltering Stock Rally,DowJones,https://finnhub.io/api/news?id=4461cc31e9cedee31920e0078d53aff9c27ed9209d1854b10e32577f9ea63002,finnhub_news
81,38,2025,1,13,2025-01-13 00:00:00,"Tesla recalls 239,382 vehicles over rearview camera problems","Software snafu can fry computer components for owners of Musk's electric buggies
Days after the US's Office of Defects Investigation (ODI) began an investigation into the company's Actually Smart Summon technology, Tesla is is now recalling almost a quarter o…",Theregister.com,https://www.theregister.com/2025/01/13/tesla_recalls_239382_vehicles_over/,api_news_org
82,46,2025,1,13,2025-01-13 00:00:00,The Vegas Tesla Loop Is A Glorified Crosswalk,"While attending CES in the affront to nature that is Las Vegas last week, I got to ride its shiniest transit system: The Vegas Loop, a dumb tunnel full of non-autonomous Teslas and AliExpress LED strips. I knew it would be bad, but I didn’t know quite how bad…",Jalopnik,https://jalopnik.com/the-vegas-tesla-loop-is-a-glorified-crosswalk-1851737141,api_news_org
83,87,2025,1,13,2025-01-13 00:00:00,Elon Musk sends Tesla Cybertrucks and Starlink terminals to help California's wildfire response,"After repeatedly bashing California’s response to the raging wildfires blazing through Los Angeles County, Elon Musk used his Tesla (TSLA) and SpaceX to lend responders a hand.Read more...",Quartz India,https://qz.com/elon-musk-tesla-cybertruck-spacex-starlink-wildfire-la-1851737925,api_news_org
84,47,2025,1,13,2025-01-13 00:00:00,"Tesla Is Now Bigger Than Audi, And It’s Not Especially Close","Tesla may have had a weaker 2024 than it had hoped for, but it was still enough to surpass its luxury rival, Audi, in global sales. The German automaker sold 1.67 million vehicles last year, and that represents a 12 percent decrease from 2023. At the same tim…",Jalopnik,https://jalopnik.com/tesla-is-now-bigger-than-audi-and-it-s-not-especially-1851738052,api_news_org
85,27,2025,1,13,2025-01-13 00:00:00,2025 Tesla Model Y Is Going into Production Almost Immediately in Europe,,Yahoo Entertainment,https://consent.yahoo.com/v2/collectConsent?sessionId=1_cc-session_00717142-f5da-4444-808c-a8fed2aa6c5c,api_news_org
86,31,2025,1,13,2025-01-13 00:00:00,Tesla 2025 Model Y “Juniper”: A Design Evolution That Bridges Futurism with Familiarity,"Tesla 2025 Model Y “Juniper”: A Design Evolution That Bridges Futurism with FamiliarityTesla has never been shy about pushing the envelope in automotive design, and the 2025 Model Y “Juniper” is no exception. This refresh represents a...",Yanko Design,https://www.yankodesign.com/2025/01/13/tesla-2025-model-y-juniper-a-design-evolution-that-bridges-futurism-with-familiarity/,api_news_org
87,36,2025,1,13,2025-01-13 00:00:00,Tesla rappelle des centaines de milliers de voitures pour un bug informatique,"Tesla doit faire face à un nouveau rappel massif : plus de 200.000 véhicules sont concernés. En cause ? Une défaillance de son dernier ordinateur embarqué qui provoque des pannes gênantes, comme la désactivation des caméras arrière et d'autres systèmes de séc…",Journal du geek,https://www.journaldugeek.com/2025/01/13/tesla-rappelle-des-centaines-de-milliers-de-voitures-pour-un-bug-informatique/,api_news_org
88,11,2025,1,13,2025-01-13 00:00:00,El Tesla Model Y Juniper no será igual en China que en Europa: un detalle los diferenciará a simple vista,"Después de meses de espera, Tesla presentó hace tan solo unos días el rediseño del Model Y (conocido como Model Y Juniper), que llega con grandes cambios respecto al modelo anterior, tanto en el exterior, como en el interior. Por el momento, el nuevo modelo d…",Hipertextual,http://hipertextual.com/2025/01/el-tesla-model-y-juniper-no-sera-igual-en-china-que-en-europa,api_news_org
89,4,2025,1,13,2025-01-13 00:00:00,Why one of Europe's largest pensions sold its entire $585 million stake in Tesla,A Dutch pension fund sold its entire stake in Tesla over disapproval of CEO Elon Musk's pay package and working conditions at the company.,Business Insider,https://www.businessinsider.com/europe-pension-sold-entire-585-million-stake-in-tesla-2025-1,api_news_org
90,35,2025,1,13,2025-01-13 00:00:00,Tesla : cette annonce fracassante d’Elon Musk au sujet de l’IA,"Les véhicules électriques Tesla vont prochainement accueillir Grok, l'assistant vocal intelligent sans limite développé par xAI. Elon Musk a lui-même fait l'annonce sur le réseau social X.",Journal du geek,https://www.journaldugeek.com/2025/01/13/tesla-cette-annonce-fracassante-delon-musk-au-sujet-de-lia/,api_news_org
91,53,2025,1,13,2025-01-13 00:00:00,Tesla Reveals 2025 Updated Version of the Model Y Juniper,"Tesla has unveiled the 2025 updated version of its Model Y Juniper. The highly anticipated release has debuted quietly on its Chinese consumer site, giving global fans a look at the refreshed EV. The Model Y receives both a facelift and new tech specs as it l…",HYPEBEAST,https://hypebeast.com/2025/1/tesla-modely-y-juniper-2025-updated-version-new-interiors-technology-revealed,api_news_org
92,68,2025,1,11,2025-01-11 09:05:00,A Dozen Stocks I'm Buying As Rising Interest Rates Break The Market,"Financial writer discusses the impact of interest rates on S&P 500 and REITs, Baby Boomers' economic influence, and dividend growth stock choices.",SeekingAlpha,https://finnhub.io/api/news?id=e91e0bf342e60a4acc8760ac0727d86426913bb3d5c621c18fbc0ec9b9f952b3,finnhub_news
93,74,2025,1,11,2025-01-11 00:00:00,"Nouvelle Tesla Model Y, Samsung Galaxy S25 Ultra et nouveaux Redmi Note 14 Pro – Tech’spresso","Vous n’avez pas eu le temps de suivre l’actualité hier ? Voici ce qui a marqué le vendredi 10 janvier : de nouvelles fuites sur les Samsung Galaxy S25 Ultra, la nouvelle Tesla Model Y et l'arrivée des Redmi Note 14 Pro. Pour ne manquer aucune actualité, pense…",Frandroid,https://www.frandroid.com/actualites-generales/2468080_nouvelle-tesla-model-y-samsung-galaxy-s25-ultra-et-nouveaux-redmi-note-14-pro-techspresso,api_news_org
94,79,2025,1,11,2025-01-11 00:00:00,Renault 5 E-tech vs Tesla Model Y : 24h pour changer d’avis,"Un design qui cligne de l'œil, une production 100 % française et une note parfaite de 10/10 dans nos précédents essais : la Renault 5 E-tech électrique intrigue. Mais que vaut-elle vraiment face à l'expertise de Tesla ? J'ai troqué ma Model Y pour le découvri…",Frandroid,https://www.frandroid.com/marques/renault/2468262_renault-5-e-tech-vs-tesla-model-y-24h-pour-changer-davis,api_news_org
95,77,2025,1,11,2025-01-11 00:00:00,"Comment Tesla va gagner 1 milliard d’euros en aidant Stellantis, Toyota et Volvo","Alors que Tesla connaît un ralentissement de ses ventes pour la première fois de son histoire, l'entreprise d'Elon Musk s'apprête paradoxalement à générer un milliard d'euros de revenus grâce à ses rivaux européens.",Frandroid,https://www.frandroid.com/survoltes/2468430_comment-tesla-va-gagner-1-milliard-deuros-en-aidant-stellantis-toyota-et-volvo,api_news_org
96,33,2025,1,11,2025-01-11 00:00:00,Tesla fait rouler ses Superchargers mobiles,"Attendre pour recharger sa Tesla pendant les vacances ? Une galère que l’entreprise veut réduire grâce à des stations mobiles. Avec ses MegapackChargers, le constructeur automobile propose une solution inédite pour gérer les embouteillages électriques pendant…",Journal du geek,https://www.journaldugeek.com/2025/01/11/tesla-fait-rouler-ses-superchargers-mobiles/,api_news_org
97,71,2025,1,11,2025-01-11 00:00:00,Nouvelle Tesla Model Y Juniper : les surprises (et les ratés) du nouveau design,"La voiture qui sera, sans doute, la plus vendue de 2025 se réinvente enfin. ENFIN ! Elle était attendue par beaucoup, et la nouvelle Model Y s'est",Frandroid,https://www.frandroid.com/marques/tesla/2468062_nouvelle-tesla-model-y-voici-le-bon-et-le-moins-bon-du-restylage-juniper,api_news_org
98,63,2025,1,11,2025-01-11 00:00:00,Kommt nach der Begeisterung nun die „Tesla-Scham“?,Früher war Tesla die coole – und einzige – Option für Elektroautokäufer. Mit der Politisierung von Elon Musk ändert sich das Image der Marke.,Faz.net,https://www.faz.net/aktuell/wirtschaft/auto-verkehr/automarke-tesla-kommt-nach-der-begeisterung-die-scham-110224172.html,api_news_org
99,58,2025,1,11,2025-01-11 00:00:00,"Tesla: ""Ich will Herrn Musk ja nicht heiraten""","Elon Musk galt als Visionär und Innovator, heute wirbt er für Trump und die AfD. Wir haben Tesla-Fahrerinnen gefragt: Schämen Sie sich mittlerweile für Ihr Auto?",Die Zeit,https://www.zeit.de/mobilitaet/2025-01/tesla-fahrer-scham-elon-musk-donald-trump,api_news_org
100,69,2025,1,10,2025-01-10 16:53:17,"HPE secures $1 billion AI server deal for Elon Musk's X, Bloomberg News reports","Hewlett Packard Enterprise has struck a deal worth over $1 billion to provide Elon Musk's social media platform X with servers optimized for artificial intelligence work, Bloomberg News reported on...",Finnhub,https://finnhub.io/api/news?id=155b53a18c2b1ff653dd77c50c132e2c8614105d62295b7785555b8cf009ea4f,finnhub_news
101,70,2025,1,10,2025-01-10 11:03:19,Uber And Nvidia Vs. Tesla: Who Will Win The Autonomous Race?,"Uber Technologies leverages AI and vast data to compete with Tesla. Find out why UBER stock, with a cheap valuation, warrants a Strong Buy rating.",SeekingAlpha,https://finnhub.io/api/news?id=e2dab35354edfae5acd4c580576a6bbd494081f0a6dee9a173b32f3b823c7659,finnhub_news
102,71,2025,1,10,2025-01-10 10:00:00,CES And AI: What's The 'Next Big Thing' For 2025?,"AI leads at CES 2025, but robotics and autonomous driving are the future. Learn why Tesla and Serve Robotics stocks are key for the next two years.",SeekingAlpha,https://finnhub.io/api/news?id=e7af13f991a76a600232f65e0790b964abdf653969997c529958062f94a6f0f1,finnhub_news
103,72,2025,1,10,2025-01-10 09:59:12,"DOGE sends representatives across US government, Washington Post reports","U.S. President-elect Donald Trump's aides with the Department of Government Efficiency have spoken with staffers at more than a dozen federal agencies to begin preliminary interviews, The Washington...",Finnhub,https://finnhub.io/api/news?id=cd32a634263c7405d3f173289d3c148a184c4c0d86900be4504cb19b34416e0c,finnhub_news
104,73,2025,1,10,2025-01-10 08:51:35,"VUG: Mag 7, Still Room To Run",The Vanguard Growth Index Fund ETF outperformed the S&P 500 by 11%. See why VUGâs focus on the Mag 7 positions it for long-term gains.,SeekingAlpha,https://finnhub.io/api/news?id=0c21fca9ca7308c11c15b94105217684811140b8a941a2c8cbbf9e8e6d207d6d,finnhub_news
105,74,2025,1,10,2025-01-10 06:48:36,Tesla debuts major model update in China for first time,Tesla has taken the unprecedented step of debuting a major model update in China as the US electric-car maker counters intense local competition...,Yahoo,https://finnhub.io/api/news?id=4bb8a8e8e8793f542157e70bf427acf88f8ce94a8df5768554af7df6cf31f5ba,finnhub_news
106,75,2025,1,10,2025-01-10 06:35:00,ClearBridge Appreciation Strategy Q4 2024 Commentary,"The Strategy outperformed its benchmark during a volatile quarter, as strong contributions from our financials and energy holdings overcame detractors in consumer staples.",SeekingAlpha,https://finnhub.io/api/news?id=be71aab0b2d2b2410706072f2cd7c2cc78142ae8486f8cd73424913fb6a82738,finnhub_news
107,76,2025,1,10,2025-01-10 06:26:55,"Tesla recalls about 239,000 vehicles over rear-view camera issue","Tesla said on Friday it was recalling about 239,000 vehicles over an issue that could cause the rear-view camera to not display an image, increasing the risk of a crash. ...",Finnhub,https://finnhub.io/api/news?id=99bd49ac00581fa85b71f18b053933cc7f3e2bd1f12bdd737b22851371f36c87,finnhub_news
108,77,2025,1,10,2025-01-10 02:34:58,Tesla Vs. BYD: New Model Y Launched After Rival Seizes BEV Crown,"Tesla deliveries fell in2024, but the refreshed Model Y is here. BYD's sales continue to surge, seizing the BEV crown in Q4. TSLA stock remains strong.",Yahoo,https://finnhub.io/api/news?id=d1665db057e66d4f366a94b663cfac9697d07a7d6ef63035908516ccc2012dc7,finnhub_news
109,69,2025,1,10,2025-01-10 00:00:00,"Tesla dévoile enfin la nouvelle Model Y : voici les nouveautés, photos et autonomie","Tesla vient d'officialiser la nouvelle Model Y restylée, aussi appelée Juniper par les rumeurs. Pour le moment, elle est uniquement commercialisée en Chine, mais voici à quoi le nouveau SUV de Tesla ressemble.",Frandroid,https://www.frandroid.com/marques/tesla/2466756_tesla-devoile-enfin-la-nouvelle-model-y-voici-toutes-les-images,api_news_org
110,32,2025,1,10,2025-01-10 00:00:00,2025 Tesla Model Y SUV,"Tesla's Model Y has received its first major update since its introduction in 2020 — but customers in Europe and the US will have to wait a little longer. Launching in the Aisa-Pacific market, the Model Y keeps a similar...",Uncrate.com,https://uncrate.com/2025-tesla-model-y-suv/,api_news_org
111,41,2025,1,10,2025-01-10 00:00:00,Tesla dévoile enfin officiellement le nouveau Model Y restylé de 2025,"Après des mois de spéculations et de fuites, Tesla lève le voile sur son Model Y restylé. Le SUV électrique star de la marque fait peau neuve avec des améliorations significatives tant à l’extérieur qu’à l’intérieur.",Presse-citron,https://www.presse-citron.net/tesla-devoile-enfin-officiellement-le-nouveau-model-y-restyle-de-2025/,api_news_org
112,43,2025,1,10,2025-01-10 00:00:00,Elektroauto: Tesla stellt neues Model Y vor,"Tesla hat ein Facelift des Model Y vorgestellt. Das Design wirkt deutlich moderner und auch der Innenraum wurde aufgewertet. (Tesla, Elektroauto)",Golem.de,https://www.golem.de/sonstiges/zustimmung/auswahl.html?from=https%3A%2F%2Fwww.golem.de%2Fnews%2Felektroauto-tesla-stellt-neues-model-y-vor-2501-192295.html&referer=https%3A%2F%2Ft.co%2F048f729538,api_news_org
113,97,2025,1,10,2025-01-10 00:00:00,Tesla Model Y Juniper: la renovación del SUV eléctrico superventas ya es oficial,"Tal y como ya lo hizo hace ya más de un año con el Model 3 Highland, Tesla ha presentado hoy la renovación de otro de sus vehículos. En esta ocasión, le ha tocado el turno a su SUV más vendido hasta la fecha, el Model Y, con una versión conocida como ""Juniper…",La Vanguardia,https://www.lavanguardia.com/andro4all/movilidad/tesla-model-y-juniper-la-renovacion-del-suv-electrico-superventas-ya-es-oficial,api_news_org
114,23,2025,1,10,2025-01-10 00:00:00,El Tesla Model Y Juniper es oficial: su presentación en China nos da un primer adelanto de qué esperamos ver en Europa,"Habíamos llegado a un punto donde lo único que nos quedaba por ver era el nuevo coche sin el poco camuflaje que le quedaba. Aunque se ha hecho esperar y los rumores apuntaban que no cerraríamos el año 2024 sin conocerlo, finalmente ha sido en los primeros día…",Xataka.com,https://www.xataka.com/movilidad/tesla-model-juniper-oficial-su-presentacion-china-nos-da-primer-adelanto-que-esperamos-vere-europa,api_news_org
115,17,2025,1,10,2025-01-10 00:00:00,"Tesla launches new Model Y in China with fresh look, features",,Yahoo Entertainment,https://consent.yahoo.com/v2/collectConsent?sessionId=1_cc-session_11afd122-afa8-4dfc-a977-7c2f4cf45c41,api_news_org
116,16,2025,1,10,2025-01-10 00:00:00,Tesla finally launches the refreshed 2025 Model Y in the Asia-Pacific region,,Yahoo Entertainment,https://consent.yahoo.com/v2/collectConsent?sessionId=1_cc-session_9e1bdb8b-cae8-4417-a086-83b9157e79d0,api_news_org
117,14,2025,1,10,2025-01-10 00:00:00,"Tesla launches redesigned Model Y in China, seeking to fend off rivals","SHANGHAI (Reuters) -Tesla launched a new version of the Model Y, its best-selling car, in China on Friday, hoping that a redesigned exterior and upgraded...",Yahoo Entertainment,https://finance.yahoo.com/news/tesla-announces-revamped-model-y-012820739.html,api_news_org
118,66,2025,1,10,2025-01-10 00:00:00,Tesla stellt überarbeitetes Model Y 2025 vor,"Der amerikanische Elektroautohersteller Tesla hat eine überarbeitete Version seines Model Y vorgestellt. Zuerst adressiert man damit den asiatischen Markt, vielleicht wird die Vorstellung auch für andere Bereiche der Welt zeitnah über die Bühne gehen. Die Aus…",Caschys Blog,https://stadt-bremerhaven.de/tesla-stellt-ueberarbeitetes-model-y-2025-vor/,api_news_org
119,10,2025,1,10,2025-01-10 00:00:00,Tesla presenta el Model Y Juniper: un diseño rompedor y aún más autonomía,"Se acabó la espera. El esperado rediseño del Tesla Model Y (conocido extraoficialmente como Model Y Juniper) ha visto la luz durante la madrugada de este viernes. Eso sí: de momento, solo está disponible en China, país en el que Tesla tiene una de las fábrica…",Hipertextual,http://hipertextual.com/2025/01/tesla-model-y-juniper,api_news_org
120,8,2025,1,10,2025-01-10 00:00:00,Tesla could be set for a $1 billion windfall in Europe after rivals fail to sell enough EVs,"The EV giant is banding together with major competitors including Ford, Stellantis, and Toyota to help them meet European emissions targets.",Business Insider,https://www.businessinsider.com/tesla-1-billion-windfall-after-rivals-fail-sell-enough-evs-2025-1,api_news_org
121,78,2025,1,10,2025-01-10 00:00:00,La réponse du fondateur de Xiaomi face au nouveau Model Y de Tesla,"Un simple ""Ok"" peut parfois en dire long. C'est par ce message laconique que Lei Jun, PDG de Xiaomi, a répondu au lancement du Tesla Model Y restylé, laissant présager une confrontation électrique intense.",Frandroid,https://www.frandroid.com/marques/tesla/2468388_la-reponse-du-fondateur-de-xiaomi-face-au-nouveau-model-y-de-tesla,api_news_org
122,83,2025,1,10,2025-01-10 00:00:00,Ce petit détail amusant et bien pratique qui fait son apparition sur le nouveau Tesla Model Y,"Au-delà des quelques changements esthétiques et d’une autonomie sans doute en hausse, Tesla a ajouté plusieurs nouveautés au sein de son SUV électrique phare, à commencer par une fonction plutôt pratique au niveau du coffre avant.",Frandroid,https://www.frandroid.com/marques/tesla/2467250_ce-petit-detail-amusant-et-bien-pratique-qui-fait-son-apparition-sur-le-nouveau-tesla-model-y,api_news_org
123,94,2025,1,10,2025-01-10 00:00:00,Tesla Model Y 2025 svelata: linee orientali e maggiore autonomia,"Scopriamo finalmente la nuova Tesla Model Y 2025, che porta un deciso cambio di linee e diversi miglioramenti, ma un prezzo più alto
L'articolo Tesla Model Y 2025 svelata: linee orientali e maggiore autonomia sembra essere il primo su Smartworld.",Smartworld.it,https://www.smartworld.it/news/tesla-model-y-2025.html,api_news_org
124,6,2025,1,10,2025-01-10 00:00:00,Tesla is launching a refreshed Model Y in China as it takes on local rivals,"Tesla unveiled a long-rumored refresh of the Model Y on Friday, but it is not yet on sale in the US.",Business Insider,https://www.businessinsider.com/tesla-launches-refreshed-model-y-china-takes-on-local-rivals-2025-1,api_news_org
125,34,2025,1,10,2025-01-10 00:00:00,Le Tesla Model Y s’offre enfin un coup de jeune,"Après des mois de spéculations, Tesla se décide enfin à donner des nouvelles de son Model Y restylé. Mais qu'est-ce qui change ?",Journal du geek,https://www.journaldugeek.com/2025/01/10/le-tesla-model-y-soffre-enfin-un-coup-de-jeune/,api_news_org
126,9,2025,1,9,2025-01-09 00:00:00,Así es el nuevo Tesla Model Y Juniper: su diseño final se ha filtrado al completo,"Se acabaron los secretos. El Tesla Model Y Juniper se ha filtrado en imágenes reales que lo muestran sin lonas o pinturas con patrones de camuflaje. El vehículo eléctrico más esperado 2025 todavía no es oficial, pero ya podemos conocer su diseño final junto a…",Hipertextual,http://hipertextual.com/2025/01/asi-es-el-nuevo-tesla-model-y-juniper-su-diseno-final-se-ha-filtrado-al-completo,api_news_org
127,24,2025,1,9,2025-01-09 00:00:00,"Los mayores aliados de Tesla en 2025 serán Stellantis y Toyota. Ante multas históricas, hay 1.000 millones de euros en juego","Por primera vez en su historia, Tesla despachó menos coches al final todo un año que en el ejercicio anual anterior. Pese a meter un coche más en su catálogo (Cybertruck) y hacer todo lo posible por entregar vehículos en el último trimestre del año (lo que pu…",Xataka.com,https://www.xataka.com/movilidad/mayores-aliados-tesla-2025-seran-stellantis-toyota-multas-historicas-hay-1-000-millones-euros-juego,api_news_org
128,98,2025,1,9,2025-01-09 00:00:00,Esto es lo que ha ganado TheGrefg con el polémico sorteo de su Tesla de Rayo McQueen,El panorama del streaming estaba bastante tranquilito estas Navidades… hasta que llegó TheGrefg a revolucionarlo con un impresionante sorteo. No es la primera v,La Vanguardia,https://www.lavanguardia.com/andro4all/internet/esto-es-lo-que-ha-ganado-thegrefg-con-el-polemico-sorteo-de-su-tesla-de-rayo-mcqueen,api_news_org
129,45,2025,1,9,2025-01-09 00:00:00,Musk legt Berufung im Tesla-Konflikt ein: Streit um 56-Milliarden-US-Dollar-Aktienpaket geht weiter,"Es geht in dem Rechtsstreit um Tesla-Aktien, die derzeit rund 100 Milliarden US-Dollar wert sind. Ursprünglich sollte Elon Musk 2,6 Milliarden US-Dollar bekommen. (Elon Musk, Rechtsstreitigkeiten)",Golem.de,https://www.golem.de/sonstiges/zustimmung/auswahl.html?from=https%3A%2F%2Fwww.golem.de%2Fnews%2Fmusk-legt-berufung-im-tesla-konflikt-ein-streit-um-56-milliarden-us-dollar-aktienpaket-geht-weiter-2501-192255.html&referer=https%3A%2F%2Ft.co%2F7e4acb1cbb,api_news_org
130,52,2025,1,9,2025-01-09 00:00:00,Our First Look At The Refreshed Tesla Model Y Without Camouflage,"The Tesla Model Y has been on sale since 2020, which means it is high time for a replacement. With the refreshed Model 3 showing up in 2024, we knew a facelifted Model Y wouldn’t be too far down the pipeline. Now, we’re finally getting a look at what the upda…",Jalopnik,https://jalopnik.com/our-first-look-at-the-refreshed-tesla-model-y-without-c-1851736469,api_news_org
131,54,2025,1,9,2025-01-09 00:00:00,Zaha Hadid Architects Reimagines Old Belgrade Factory for Nikola Tesla Museum,A collaborative design between Zaha Hadid Architects and Bureau Cube Partners has won the competition for the new Nikola Tesla Museum to be built in Belgrade Serbia. The design will renovate the former Milan Vapa Paper Mill with awe-enducing architectural fea…,HYPEBEAST,https://hypebeast.com/2025/1/zaha-hadid-architects-nikola-tesla-museum,api_news_org
132,57,2025,1,9,2025-01-09 00:00:00,"Elon Musk: ""Dann keinen Tesla kaufen""","Es sei beunruhigend, dass Elon Musk rechte Politiker unterstütze, sagt der Politologe Thorsten Benner. Doch Empörung allein helfe jetzt nicht – sondern Pragmatik.",Die Zeit,https://www.zeit.de/2025/02/elon-musk-afd-wahlaufruf-x-thorsten-benner,api_news_org
133,62,2025,1,9,2025-01-09 00:00:00,Neuzulassungen: E-Automarkt 2024: Die großen Verlierer heißen Tesla und Opel,Hier finden Sie Informationen zu dem Thema „Neuzulassungen“. Lesen Sie jetzt „E-Automarkt 2024: Die großen Verlierer heißen Tesla und Opel“.,Die Zeit,https://www.zeit.de/news/2025-01/09/e-automarkt-2024-die-grossen-verlierer-heissen-tesla-und-opel,api_news_org
134,70,2025,1,9,2025-01-09 00:00:00,Une réponse au Tesla Model Y ? Xpeng dévoile le joli design de sa nouvelle voiture électrique,"Xpeng, une prometteuse marque chinoise de voiture électrique disponible en France, vient de dévoiler par surprise les premières images de son prochain modèle. Voici ce qu'il faut savoir sur cet Xpeng G7.",Frandroid,https://www.frandroid.com/marques/xpeng/2465382_une-reponse-au-tesla-model-y-xpeng-devoile-le-joli-design-de-sa-nouvelle-voiture-electrique,api_news_org
135,73,2025,1,9,2025-01-09 00:00:00,Tesla Model Y Juniper : le SUV électrique à visage découvert sur la glace,"Après des mois de spéculations et d'aperçus furtifs sous camouflage, le nouveau Tesla Model Y Juniper s'est enfin montré à visage découvert. L'élément le",Frandroid,https://www.frandroid.com/marques/tesla/2464888_tesla-model-y-juniper-le-suv-electrique-se-devoile-enfin-completement-nu-sur-la-glace,api_news_org
136,76,2025,1,9,2025-01-09 00:00:00,"Réparation de Tesla, future Livebox et smartphone Samsung pliable en trois – Tech’spresso","Vous n’avez pas eu le temps de suivre l’actualité hier ? Voici ce qui a marqué le mercredi 8 janvier : Tesla plus simple à réparer, une future Livebox en approche et Samsung prépare un smartphone pliable en trois. Pour ne manquer aucune actualité, pensez à vo…",Frandroid,https://www.frandroid.com/actualites-generales/2464476_reparation-de-tesla-future-livebox-et-smartphone-samsung-pliable-en-trois-techspresso,api_news_org
137,96,2025,1,9,2025-01-09 00:00:00,TheGrefg gana más de 300.000€ con el sorteo de su Tesla y se enfrenta a una nueva polémica,"TheGrefg, lejos de achicarse, defendió su iniciativa con claridad. Según él, nadie estaba obligado a participar y las bases del sorteo eran completamente transparentes.
La entrada TheGrefg gana más de 300.000€ con el sorteo de su Tesla y se enfrenta a una nue…",Marketingdirecto.com,https://www.marketingdirecto.com/digital-general/social-media-marketing/thegefg-criticado-embolsar-mas-300000-euros-sorteo-tesla,api_news_org
138,44,2025,1,9,2025-01-09 00:00:00,"Elektroautostatistik 2024 ausgewertet: Opel bricht ein, BMW überholt Tesla","Trotz stark gesunkener Verkaufszahlen im Jahr 2024 bei Elektroautos haben nicht alle Hersteller gleich schlecht abgeschnitten. Das Preis-Leistungs-Verhältnis entscheidet. Ein Bericht von Friedhelm Greis (Elektroauto, Tesla)",Golem.de,https://www.golem.de/sonstiges/zustimmung/auswahl.html?from=https%3A%2F%2Fwww.golem.de%2Fnews%2Felektroautostatistik-2024-ausgewertet-opel-bricht-ein-bmw-ueberholt-tesla-2501-192290.html&referer=https%3A%2F%2Ft.co%2F12df911a6b,api_news_org
139,89,2025,1,8,2025-01-08 00:00:00,Tesla CEO Elon Musk has renewed the fight for his $56 billion pay package,Tesla (TSLA) CEO Elon Musk on Wednesday officially filed an appeal with Delaware’s Supreme Court after a state judge rejected his $56 billion compensation package for the second time.Read more...,Quartz India,https://qz.com/tesla-elon-musk-compensation-pay-appeal-delaware-stock-1851735330,api_news_org
140,75,2025,1,8,2025-01-08 00:00:00,Réparer soi-même une Tesla devient plus simple grâce à ce nouveau catalogue officiel,"S'il était assez compliqué d'acheter des pièces officielles Tesla par soi-même, sans passer par un revendeur agréé, ce sera bientôt plus facile via un immense catalogue de pièces détachées en ligne proposé par la marque. Ce même catalogue vient par ailleurs d…",Frandroid,https://www.frandroid.com/marques/tesla/2462188_reparer-soi-meme-une-tesla-devient-plus-simple-grace-a-ce-nouveau-catalogue-officiel,api_news_org
141,7,2025,1,8,2025-01-08 00:00:00,Watch Tesla rival BYD's electric supercar 'jump' over a pothole at speed,"The Tesla rival launched its first supercar, the Yangwang U9, last year, and has shown off its ability to ""jump"" over potholes and road spikes.",Business Insider,https://www.businessinsider.com/watch-byd-electric-supercar-jump-six-meters-over-a-pothole-2025-1,api_news_org
142,93,2025,1,8,2025-01-08 00:00:00,Explosion d’une Tesla à Las Vegas : le suspect a utilisé l’intelligence artificielle de Chat GPT pour planifier l’attaque,"La police locale a déclaré mardi 7 janvier en conférence de presse que Matthew Livelsberger a eu recours à l’outil conversationnel d’Open AI pour planifier l’explosion son véhicule, le 1er janvier, devant l’hôtel Trump.",Libération,https://www.liberation.fr/international/amerique/explosion-dune-tesla-a-las-vegas-le-suspect-a-utilise-lintelligence-artificielle-de-chat-gpt-pour-planifier-lattaque-20250108_QGOILPCBGBBQTKMSMRJLVBLSBY/,api_news_org
143,19,2025,1,8,2025-01-08 00:00:00,Police Say Suspect in Tesla Explosion Outside Trump Hotel Used AI to Help Plan Attack,Sheriff of the Las Vegas Metropolitan Police Department called the use of generative AI a “game-changer” and “a concerning moment” and said the department was sharing information with other law enforcement agencies.,Time,https://time.com/7205428/chatgpt-ai-plan-attack-tesla-cybertruck-explosion-trump-hotel-police/,api_news_org
144,55,2025,1,8,2025-01-08 00:00:00,Crashs à répétition : Tesla épinglée par les autorités américaines,"L’avenir de la conduite ? Apparemment, il inclut beaucoup de tôles froissées.",Presse-citron,https://www.presse-citron.net/crashs-a-repetition-tesla-epinglee-par-les-autorites-americaines/,api_news_org
145,72,2025,1,8,2025-01-08 00:00:00,Porsche reprend la meilleure idée de Tesla pour ses batteries de voitures électriques,"Quelques semaines après sa montée au capital au sein de l'entreprise Varta, Porsche va désormais bénéficier de cellules cylindriques pour ses futures voitures électriques et hybrides. Voici ce que cela va changer concrètement.",Frandroid,https://www.frandroid.com/marques/porsche/2463872_porsche-reprend-la-meilleure-idee-de-tesla-pour-ses-batteries-de-voitures-electriques,api_news_org
146,81,2025,1,8,2025-01-08 00:00:00,"Tesla trébuche, mais reste numéro 1 mondial de la voiture électrique avec un écart infime sur BYD","Avec plus de 1,7 million de voitures électriques vendues en 2024, Tesla conserve sa place de leader mondial. Mais si la firme américaine dépasse toujours son rival chinois BYD, elle affiche pour la première fois de son histoire des ventes en baisse par rappor…",Frandroid,https://www.frandroid.com/marques/tesla/2462910_tesla-trebuche-mais-reste-numero-1-mondial-de-la-voiture-electrique-avec-un-ecart-infime-sur-byd,api_news_org
147,80,2025,1,8,2025-01-08 00:00:00,Skoda améliore sa voiture électrique rivale du Tesla Model Y et tutoie désormais les 600 km d’autonomie,"Cinq ans après son lancement, le Skoda Enyaq se refait une petite beauté. Face à une concurrence de plus en plus rude, y compris en interne, cette voiture électrique soigne son look et son aérodynamisme, de quoi venir titiller les 600 km d'autonomie. Voici ce…",Frandroid,https://www.frandroid.com/marques/skoda/2461240_skoda-met-a-jour-sa-voiture-electrique-rivale-du-tesla-model-y-et-tutoie-les-600-km-dautonomie,api_news_org
148,61,2025,1,7,2025-01-07 00:00:00,Elon Musk: Wie lange geht das für Tesla noch gut?,Elon Musk konzentriert sich derzeit auf die Politik. Bei Tesla setzt er allein auf Zukunftsversprechen. Nun mehren sich die Anzeichen einer Krise.,Die Zeit,https://www.zeit.de/mobilitaet/2025-01/elon-musk-tesla-unternehmen-zukunft-krise-robotaxi,api_news_org
149,12,2025,1,7,2025-01-07 00:00:00,"Automakers to pool CO2 emissions with Tesla, Polestar to meet EU 2025 rules",,Yahoo Entertainment,https://consent.yahoo.com/v2/collectConsent?sessionId=1_cc-session_8c8801c6-5190-4a32-a759-2ddeb134aee2,api_news_org
150,29,2025,1,7,2025-01-07 00:00:00,This Slim Little Battery I Saw at CES 2025 Is Like a Tesla Powerwall for Your Fridge,"You don't need an electrician to install BioLite's backup battery system, which can keep at least a few of your appliances on when the power goes out -- like your refrigerator.",CNET,https://www.cnet.com/home/energy-and-utilities/this-slim-little-battery-i-saw-at-ces-2025-is-like-a-tesla-powerwall-for-your-fridge/,api_news_org
151,40,2025,1,7,2025-01-07 00:00:00,Les batteries des premiers Cybertruck discrètement remplacées par Tesla ?,"Contactés par Tesla pour des ""problèmes mineurs"" à régler sur leur Cybertruck, certains propriétaires ont finalement vu la batterie de leur pick-up être remplacée par le constructeur.",Presse-citron,https://www.presse-citron.net/les-batteries-des-premiers-cybertruck-discretement-remplacees-par-tesla/,api_news_org
152,50,2025,1,7,2025-01-07 00:00:00,Tesla Full Self Driving Computer Failures Are Bricking Cars And Disabling Features,"The computer that enables Tesla to claim that its vehicles have “full-self driving” capability is having some pretty serious issues right now. The computers are failing, and it’s nearly bricking some owner’s Tesla’s. Read more...",Jalopnik,https://jalopnik.com/tesla-full-self-driving-computer-failures-are-bricking-1851734447,api_news_org
153,0,2025,1,7,2025-01-07 00:00:00,[Removed],[Removed],[Removed],https://removed.com,api_news_org
154,82,2025,1,7,2025-01-07 00:00:00,"BYD a cartonné sur la voiture électrique en 2024, et est à deux doigts de dépasser Tesla","Avec 1 764 992 voitures électriques vendues dans le monde en 2024, BYD a fait largement mieux qu'en 2023. Porté par son marché intérieur, le constructeur chinois n'est désormais qu'à quelques milliers d'exemplaires de dépasser Tesla.",Frandroid,https://www.frandroid.com/marques/byd/2460862_byd-a-cartonne-sur-la-voiture-electrique-en-2024-et-est-a-deux-doigts-de-depasser-tesla,api_news_org
155,88,2025,1,7,2025-01-07 00:00:00,Tesla is being investigated by the feds over its A.S.S. technology,"The National Highway Transportation Safety Administration (NHTSA) has opened a new investigation into Elon Musk’s Tesla (TSLA), this time over its Actually Smart Summon (A.S.S.)Read more...",Quartz India,https://qz.com/tesla-probe-nhtsa-actually-smart-summon-elon-musk-ev-1851734565,api_news_org
156,6,2025,1,6,2025-01-06 11:51:22,This Is The Average Stock Market Return Over 60 Years,This Is The Average Stock Market Return Over 60 Years,DowJones,https://finnhub.io/api/news?id=367e0bb4b82b5729d86d219a09887a4c8948862a5d19506d95f3ea9362a41c1f,finnhub_news
157,39,2025,1,6,2025-01-06 00:00:00,Les futures Tesla équipées des mêmes batteries que chez… BMW ?,"Le chinois EVE Energy, déjà associé de BMW, aurait récemment signé un accord avec un ""client américain"".",Presse-citron,https://www.presse-citron.net/les-futures-tesla-equipees-des-memes-batteries-que-chez-bmw/,api_news_org
158,15,2025,1,6,2025-01-06 00:00:00,"Ford, Tesla, GEM among nearly 400,000 vehicles recalled: Check car recalls here",,Yahoo Entertainment,https://consent.yahoo.com/v2/collectConsent?sessionId=1_cc-session_3cc7c797-f9bb-4444-bae2-3a036aeff25c,api_news_org
159,20,2025,1,6,2025-01-06 00:00:00,No hace falta esperar al Tesla Bot: este aspirador de Roborock incluye un brazo robótico para limpiar y manipular objetos,"Estamos en enero de 2025, y eso significa que es hora de vivir en primera persona el CES 2025, la feria tecnológica que suele ser el epicentro de muchas innovaciones curiosas. No todo es ordenadores, televisores y coches. El hogar inteligente también es prota…",Xataka.com,https://www.xataka.com/domotica-1/no-hace-falta-esperar-al-tesla-bot-este-aspirador-roborock-incluye-brazo-robotico-para-limpiar-manipular-objetos,api_news_org
160,37,2025,1,5,2025-01-05 00:00:00,Tesla : coup de frein après des années à fond les manettes,"Pour la première fois depuis plus d’une décennie, le constructeur de voitures électriques doit composer avec une baisse de ses ventes.",Journal du geek,https://www.journaldugeek.com/2025/01/05/tesla-coup-de-frein-apres-des-annees-a-fond-les-manettes/,api_news_org
161,67,2025,1,5,2025-01-05 00:00:00,La fin d’une ère dorée pour Tesla,"2024, l'année de la première baisse des ventes, avec une concurrence toujours plus acharnée et un CEO plus clivant que jamais. Est-ce que 2025 marquera un tournant pour Tesla ? Je me permets d’en douter. Voici pourquoi.",Frandroid,https://www.frandroid.com/marques/tesla/2457606_la-fin-dune-ere-doree-pour-tesla,api_news_org
162,64,2025,1,5,2025-01-05 00:00:00,El gran desacoplamiento: el vehículo eléctrico y las ventas de Tesla,"Las noticias sobre la caída en ventas de Tesla, la primera vez que la marca reporta un descenso de las ventas anuales frente al año anterior, han querido ser interpretadas por muchos como un supuesto punto de inflexión en el crecimiento del vehículo eléctrico…",Enriquedans.com,https://www.enriquedans.com/2025/01/el-gran-desacoplamiento-el-vehiculo-electrico-y-las-ventas-de-tesla.html,api_news_org
163,99,2025,1,4,2025-01-04 00:00:00,"BYD ne s'est jamais aussi bien portée. En 2025, Tesla va devoir faire très attention !",Le constructeur automobile chinois a vécu une année 2024 exceptionnelle. Au point de mettre maintenant Tesla sous pression.,Clubic,https://www.clubic.com/actualite-548927-byd-ne-s-est-jamais-aussi-bien-portee-en-2025-tesla-va-devoir-faire-tres-attention.html,api_news_org
164,92,2025,1,4,2025-01-04 00:00:00,"Explosion d’une Tesla à Las Vegas : Matthew Livelsberger souffrait de «stress post-traumatique», selon les autorités","Les premières analyses du téléphone du trentenaire qui s’est suicidé avant de faire exploser son véhicule le 1er janvier devant l’hôtel Trump révèlent un profil traumatisé par ses actions militaires, aux motivations encore confuses.",Libération,https://www.liberation.fr/international/amerique/explosion-dune-tesla-a-las-vegas-matthew-livelsberger-souffrait-de-stress-post-traumatique-selon-les-autorites-20250104_7XFLWLGA2NEKXIJPO3XG5ZWU7E/,api_news_org
165,1,2025,1,4,2025-01-04 00:00:00,"Tesla May Be in a Sales Slump, but EVs Are Doing OK Overall",Purchase data shows that electric vehicle sales are growing globally. But the question remains: How fast?,Wired,https://www.wired.com/story/tesla-may-be-in-a-sales-slump-but-evs-overall-are-doing-ok/,api_news_org
166,26,2025,1,4,2025-01-04 00:00:00,'I feel like Batman': What Tesla driver texted his ex-girlfriend before explosion outside Trump Hotel,,Yahoo Entertainment,https://consent.yahoo.com/v2/collectConsent?sessionId=1_cc-session_7a9bf81f-304b-4305-a46e-85a155989d42,api_news_org
167,18,2025,1,4,2025-01-04 00:00:00,PR experts say Elon Musk’s handling of the Tesla Cybertruck explosion in Las Vegas was a masterclass,Las Vegas Sheriff Kevin McMahill thanked Musk Wednesday for providing the authorities with information to aid the investigation.,Yahoo Entertainment,https://www.yahoo.com/news/pr-experts-elon-musk-handling-130300393.html,api_news_org
168,91,2025,1,3,2025-01-03 00:00:00,Trotz Rekordquartal: Tesla verkauft 2024 weniger Autos – worauf Musk hofft,Für Tesla ging es lange nur aufwärts. Doch die Abkühlung im Geschäft mit Elektroautos trifft auch den Marktführer mit einem Absatzrückgang im vergangenen Jahr. Tesla hat 2024 den ersten Rückgang der Auslieferungen seiner Elektroautos seit mehr als einem Jahrz…,T3n,https://t3n.de/news/?p=1666216,api_news_org
169,5,2025,1,3,2025-01-03 00:00:00,"Tesla could see 40% of its profits evaporate when Trump takes office, JPMorgan warns","Despite the Musk-Trump bromance, Tesla is facing a tough year after disappointing 2024 sales numbers.",Business Insider,https://www.businessinsider.com/tesla-profit-could-shrink-under-trump-policies-jpmorgan-2025-1,api_news_org
170,95,2025,1,3,2025-01-03 00:00:00,"Altro che Tesla: le auto più vendute in Italia sono Panda e Dacia, e non certo elettriche!","Quali sono le auto più vendute in Italia nel 2024? Scopriamo la classifica per categoria e in assoluto, che spinge a considerazioni sulla transizione elettrica
L'articolo Altro che Tesla: le auto più vendute in Italia sono Panda e Dacia, e non certo elettric…",Smartworld.it,https://www.smartworld.it/news/classifica-auto-piu-vendute-italia-2024.html,api_news_org
171,65,2025,1,3,2025-01-03 00:00:00,Toter im Tesla-Truck hatte Kopfschusswunde,Im Fall des in Las Vegas explodierten Tesla-Elektroautos werden immer mehr Details bekannt. Die Ermittler entdeckten bei der Leiche im Fahrzeug eine Schussverletzung am Kopf. Der Mann war offenbar US-Soldat.,tagesschau.de,https://www.tagesschau.de/ausland/amerika/tesla-lasvegas-explosion-100.html,api_news_org
172,22,2025,1,3,2025-01-03 00:00:00,BYD no ha superado a Tesla en 2024 pero su objetivo es mucho más ambicioso: ser el quinto fabricante del mundo,"Hemos cerrado 2024 con una batalla encarnizada en el mercado del coche eléctrico. Como en la subida a un puerto mítico del Tour de Francia, hemos visto a BYD y Tesla darse ""palos"" para soltar al rival y hacerse con el premio al fabricante con más coches eléct…",Xataka.com,https://www.xataka.com/movilidad/byd-no-ha-superado-a-tesla-2024-su-objetivo-mucho-ambicioso-ser-quinto-fabricante-mundo,api_news_org
173,68,2025,1,3,2025-01-03 00:00:00,La nouvelle Tesla Model Y restylée roule déjà en Europe,"Attendue sous peu, la nouvelle Tesla Model Y restylée a récemment été aperçue sur les routes d’Europe. La voiture électrique américaine devrait démarrer sa production dès ce mois de janvier en Chine, mais sa date d’arrivée chez nous n’a pas été annoncée.",Frandroid,https://www.frandroid.com/marques/tesla/2455988_la-nouvelle-tesla-model-y-restylee-roule-deja-en-europe,api_news_org
174,49,2025,1,3,2025-01-03 00:00:00,"Tesla Recalled Over 5 Million Cars Last Year, More Than Any Other Automaker in The U.S.","Tesla had quite an eventful 2024. Its radical (bad) Cybertruck had its first full year on sale, which resulted in a seemingly endless supply of hilarious and innovative new ways to break and fail. Its CEO Elon Musk made political waves, and the company unveil…",Jalopnik,https://jalopnik.com/tesla-recalled-over-5-million-cars-last-year-more-than-1851731700,api_news_org
175,86,2025,1,3,2025-01-03 00:00:00,В США назвали возможный мотив подрыва Tesla Cybertruck у отеля Трампа,Мотивом подрыва Tesla Cybertruck у отеля новоизбранного президента США Дональда Трампа могло стать расставание подозреваемого с женой. Об этом пишет New York Post (NYP) со ссылкой на осведомленные о процессе расследования источники,Lenta,https://lenta.ru/news/2025/01/03/v-ssha-nazvali-vozmozhnyy-motiv-podryva-tesla-cybertruck-u-otelya-trampa/,api_news_org
176,56,2025,1,3,2025-01-03 00:00:00,Le Cybertruck n’a pas suffi : Tesla fait face à une baisse de ses ventes,"Malgré la sortie du Cybertruck, Tesla a vu ses ventes de véhicules électriques chuter, pour la première fois, en 2024.",Presse-citron,https://www.presse-citron.net/le-cybertruck-na-pas-suffi-tesla-fait-face-a-une-baisse-de-ses-ventes/,api_news_org
177,90,2025,1,3,2025-01-03 00:00:00,Decorated US soldier identified as Trump Hotel Tesla explosion driver,Investigators say an active US Special Forces member was responsible for Tesla Cybertruck explosion at Trump Hotel.,Al Jazeera English,https://www.aljazeera.com/program/newsfeed/2025/1/3/decorated-us-soldier-identified-as-trump-hotel-tesla-explosion-driver,api_news_org
